Company Name,Slug,Ashby URL,Source,Batch
1Password,1password,https://jobs.ashbyhq.com/1password,direct_search,output_test
Abridge,abridge,https://jobs.ashbyhq.com/abridge,direct_search,output_test
Abridge,Abridge,https://jobs.ashbyhq.com/Abridge,direct_search,output_batch6
Axion,axion,https://jobs.ashbyhq.com/axion,embedded_careers_page,output_unverified
Baseten,baseten,https://jobs.ashbyhq.com/baseten,embedded_careers_page,output_batch6
Baton Corporation Ltd,batoncorporation,https://jobs.ashbyhq.com/batoncorporation,embedded_careers_page,output_batch5
Campus,Campus,https://jobs.ashbyhq.com/Campus,direct_search,output_test
Candid Health,candidhealth,https://jobs.ashbyhq.com/candidhealth,direct_search,output_test
Category Labs,category-labs,https://jobs.ashbyhq.com/category-labs,embedded_careers_page,output_batch6
Clipboard,clipboard,https://jobs.ashbyhq.com/clipboard,direct_search,output_test
Cloud Accountant Staffing,cas,https://jobs.ashbyhq.com/cas,direct_search,output_batch6
Comity,comity,https://jobs.ashbyhq.com/comity,embedded_careers_page,output_batch6
Day[9]'s Game Studio,day9,https://jobs.ashbyhq.com/day9,direct_search,output_test
Deel,Deel,https://jobs.ashbyhq.com/Deel,direct_search,output_test
Deel,deel,https://jobs.ashbyhq.com/deel,direct_search,output_test
DuckDuckGo,duck-duck-go,https://jobs.ashbyhq.com/duck-duck-go,embedded_careers_page,output_batch6
Flock,flock safety,https://jobs.ashbyhq.com/flock%20safety,direct_search,output_batch2
H Company,hcompany,https://jobs.ashbyhq.com/hcompany,direct_search,output_test
Hadrian Automation,hadrian-automation,https://jobs.ashbyhq.com/hadrian-automation,direct_search,output_batch6
Handshake,handshake,https://jobs.ashbyhq.com/handshake,direct_search,output_batch6
Happyrobot,happyrobot.ai,https://jobs.ashbyhq.com/happyrobot.ai,direct_search,output_test
Harvey,harvey,https://jobs.ashbyhq.com/harvey,direct_search,output_test
Higharc,higharc,https://jobs.ashbyhq.com/higharc,embedded_careers_page,output_batch6
Hook Music,hookmusic,https://jobs.ashbyhq.com/hookmusic,embedded_careers_page,output_batch4
Intellistack,Intellistack,https://jobs.ashbyhq.com/Intellistack,embedded_careers_page,output_batch6
LiveKit,livekit,https://jobs.ashbyhq.com/livekit,embedded_careers_page,output_batch6
"Matterworks,",matterworks,https://jobs.ashbyhq.com/matterworks,direct_search,output_batch6
"Mechanize,",mechanize,https://jobs.ashbyhq.com/mechanize,direct_search,output_test
Middesk,middesk,https://jobs.ashbyhq.com/middesk,direct_search,output_batch6
Notable,notable,https://jobs.ashbyhq.com/notable,direct_search,output_test
OpenAI,openai,https://jobs.ashbyhq.com/openai,direct_search,output_test
Orchard Robotics,orchard,https://jobs.ashbyhq.com/orchard,direct_search,output_batch6
Oscilar,oscilar,https://jobs.ashbyhq.com/oscilar,embedded_careers_page,output_batch6
Parallel Web Systems,parallel,https://jobs.ashbyhq.com/parallel,direct_search,output_test
Patreon,patreon,https://jobs.ashbyhq.com/patreon,direct_search,output_test
Percepta,percepta,https://jobs.ashbyhq.com/percepta,direct_search,output_batch6
PermitFlow,permitflow,https://jobs.ashbyhq.com/permitflow,direct_search,output_test
Perplexity,perplexity,https://jobs.ashbyhq.com/perplexity,direct_search,output_batch6
Polymarket,polymarket,https://jobs.ashbyhq.com/polymarket,direct_search,output_test
Pulse,pulse,https://jobs.ashbyhq.com/pulse,direct_search,output_batch6
Pylon,pylon-labs,https://jobs.ashbyhq.com/pylon-labs,direct_search,output_batch2
Qualified,qualified,https://jobs.ashbyhq.com/qualified,direct_search,output_test
Railway,Railway,https://jobs.ashbyhq.com/Railway,embedded_careers_page,output_batch6
Ramp,ramp,https://jobs.ashbyhq.com/ramp,direct_search,output_test
ReadMe,readme,https://jobs.ashbyhq.com/readme,embedded_careers_page,output_batch6
Real,real,https://jobs.ashbyhq.com/real,direct_search,output_test
Reka,Reka,https://jobs.ashbyhq.com/Reka,direct_search,output_unverified
River,river,https://jobs.ashbyhq.com/river,direct_search,output_test
Sardine,sardine,https://jobs.ashbyhq.com/sardine,direct_search,output_batch6
Scale Army Careers,Scale Army Careers,https://jobs.ashbyhq.com/Scale%20Army%20Careers,direct_search,output_test
Second Dinner,SecondDinner,https://jobs.ashbyhq.com/SecondDinner,direct_search,output_test
Socure,socure,https://jobs.ashbyhq.com/socure,direct_search,output_test
Solace,Solace,https://jobs.ashbyhq.com/Solace,embedded_careers_page,output_batch6
Solace,solace,https://jobs.ashbyhq.com/solace,direct_search,output_test
"Spruce Systems,",spruceid,https://jobs.ashbyhq.com/spruceid,embedded_careers_page,output_batch6
Stepful,Stepful,https://jobs.ashbyhq.com/Stepful,direct_search,output_test
Stream,stream,https://jobs.ashbyhq.com/stream,embedded_careers_page,output_batch6
Sunday Robotics,sunday,https://jobs.ashbyhq.com/sunday,direct_search,output_batch6
Suno,suno,https://jobs.ashbyhq.com/suno,direct_search,output_test
Super.com,super.com,https://jobs.ashbyhq.com/super.com,embedded_careers_page,output_batch4
Tennr,tennr,https://jobs.ashbyhq.com/tennr,direct_search,output_test
TwelveLabs,twelve-labs,https://jobs.ashbyhq.com/twelve-labs,direct_search,output_batch6
UnlikelyAI,unlikelyai,https://jobs.ashbyhq.com/unlikelyai,direct_search,output_batch6
Vultr,vultr,https://jobs.ashbyhq.com/vultr,embedded_careers_page,output_batch4
Weave,weave,https://jobs.ashbyhq.com/weave,direct_search,output_batch6
WRITER,writer,https://jobs.ashbyhq.com/writer,direct_search,output_test
